{"_spend_today": 5.0, "_spend_this_month": 50.0, "_last_day_reset": 1776964681.0898235, "_last_month_reset": 1776964681.0898235, "_month_key": 202604}