{"_spend_today": 7.0, "_spend_this_month": 2.0, "_last_day_reset": 1776955413.8740423, "_last_month_reset": 1776955413.8740795, "_month_key": 202604, "_last_reset": 1776955413.8740423}