{"_spend_today": 48.0, "_spend_this_month": 100.0, "_last_day_reset": 1776955360.5728016, "_last_month_reset": 1776955360.5728016, "_month_key": 202604}