{"_spend_today": 5.0, "_spend_this_month": 50.0, "_last_day_reset": 1776927684.7568295, "_last_month_reset": 1776927684.7568297, "_month_key": 202604}