{"_tasks_today": 0, "_runtime_minutes_today": 0.0, "_spend_today": 12.5, "_last_day_reset": 1776955413.8727899, "_last_reset": 1776955413.8727899, "_month_key": 202604, "_last_month_reset": 1776955413.8727899, "_spend_this_month": 12.5}