{"_spend_today": 999.0, "_spend_this_month": 9999.0, "_last_day_reset": 1776930933.743786, "_last_month_reset": 1776930933.7437863, "_month_key": 202604}