{"_spend_today": 48.0, "_spend_this_month": 100.0, "_last_day_reset": 1776956933.7721634, "_last_month_reset": 1776956933.7721636, "_month_key": 202604}