{"_spend_today": 5.0, "_spend_this_month": 50.0, "_last_day_reset": 1776957560.6439607, "_last_month_reset": 1776957560.6439607, "_month_key": 202604}