{"_spend_today": 7.0, "_spend_this_month": 2.0, "_last_day_reset": 1776930895.5360217, "_last_month_reset": 1776930895.5360684, "_month_key": 202604}