{"_spend_today": 5.0, "_spend_this_month": 50.0, "_last_day_reset": 1776938138.53207, "_last_month_reset": 1776938138.5320702, "_month_key": 202604}