{"_spend_today": 999.0, "_spend_this_month": 9999.0, "_last_day_reset": 1776957416.3388357, "_last_month_reset": 1776957416.338836, "_month_key": 202604}