{"_spend_today": 999.0, "_spend_this_month": 9999.0, "_last_day_reset": 1776939822.6054282, "_last_month_reset": 1776939822.6054282, "_month_key": 202604}