{"_spend_today": 5.0, "_spend_this_month": 50.0, "_last_day_reset": 1776947858.343283, "_last_month_reset": 1776947858.343283, "_month_key": 202604}