{"_spend_today": 999.0, "_spend_this_month": 9999.0, "_last_day_reset": 1776919129.6433442, "_last_month_reset": 1776919129.6433444, "_month_key": 202604}