{"_spend_today": 5.0, "_spend_this_month": 305.0, "_last_day_reset": 1776957415.7505643, "_last_month_reset": 1776957415.750532, "_month_key": 202604, "_tasks_today": 0, "_runtime_minutes_today": 0.0, "_last_reset": 1776957415.7505643}