{"_spend_today": 999.0, "_spend_this_month": 9999.0, "_last_day_reset": 1776955360.9789488, "_last_month_reset": 1776955360.978949, "_month_key": 202604}