{"_spend_today": 7.0, "_spend_this_month": 2.0, "_last_day_reset": 1776939822.6052127, "_last_month_reset": 1776939822.6052606, "_month_key": 202604, "_last_reset": 1776939822.6052127}