{"_last_day_reset": 1776938138.5314686, "_last_month_reset": 1776938138.531449, "_spend_today": 5.0, "_spend_this_month": 5.0, "_month_key": 202604}