{"_spend_today": 20.0, "_spend_this_month": 300.0, "_last_day_reset": 1776957560.64289, "_last_month_reset": 1776957560.6428902, "_month_key": 202604}