{"_spend_today": 20.0, "_spend_this_month": 300.0, "_last_day_reset": 1776947798.7560277, "_last_month_reset": 1776947798.756028, "_month_key": 202604}