{"_spend_today": 5.0, "_spend_this_month": 50.0, "_last_day_reset": 1776938061.198187, "_last_month_reset": 1776938061.1981874, "_month_key": 202604}