{"_spend_today": 7.0, "_spend_this_month": 2.0, "_last_day_reset": 1776947858.3428285, "_last_month_reset": 1776947858.342909, "_month_key": 202604, "_last_reset": 1776947858.3428285}