{"_spend_today": 5.0, "_spend_this_month": 50.0, "_last_day_reset": 1776941334.1562402, "_last_month_reset": 1776941334.1562402, "_month_key": 202604}