{"_spend_today": 7.0, "_spend_this_month": 2.0, "_last_day_reset": 1776938138.5316453, "_last_month_reset": 1776938138.5316665, "_month_key": 202604}