{"_spend_today": 7.0, "_spend_this_month": 2.0, "_last_day_reset": 1776941334.155905, "_last_month_reset": 1776941334.1559439, "_month_key": 202604, "_last_reset": 1776941334.155905}