{"_spend_today": 999.0, "_spend_this_month": 9999.0, "_last_day_reset": 1776947858.3431232, "_last_month_reset": 1776947858.3431234, "_month_key": 202604}