{"_last_day_reset": 1776919129.2420669, "_last_month_reset": 1776919129.2420487, "_spend_today": 5.0, "_spend_this_month": 5.0, "_month_key": 202604}