{"_spend_today": 48.0, "_spend_this_month": 100.0, "_last_day_reset": 1776938138.5311236, "_last_month_reset": 1776938138.5311236, "_month_key": 202604}