{"_spend_today": 5.0, "_spend_this_month": 50.0, "_last_day_reset": 1776939822.605635, "_last_month_reset": 1776939822.6056352, "_month_key": 202604}