{"_spend_today": 1.0, "_spend_this_month": 1.0, "_last_day_reset": 1776939932.7190228, "_month_key": 202604, "_last_month_reset": 1776939932.7190337}