{"_spend_today": 20.0, "_spend_this_month": 300.0, "_last_day_reset": 1776919129.2415972, "_last_month_reset": 1776919129.2415974, "_month_key": 202604}