{"_spend_today": 999.0, "_spend_this_month": 9999.0, "_last_day_reset": 1776957560.643793, "_last_month_reset": 1776957560.643793, "_month_key": 202604}