{"_spend_today": 7.0, "_spend_this_month": 2.0, "_last_day_reset": 1776957415.7507217, "_last_month_reset": 1776957415.7507532, "_month_key": 202604, "_last_reset": 1776957415.7507217}