{"_spend_today": 999.0, "_spend_this_month": 9999.0, "_last_day_reset": 1776927685.192524, "_last_month_reset": 1776927685.1925242, "_month_key": 202604}