{"_spend_today": 20.0, "_spend_this_month": 300.0, "_last_day_reset": 1776957415.7499795, "_last_month_reset": 1776957415.74998, "_month_key": 202604}