{"_spend_today": 5.0, "_spend_this_month": 50.0, "_last_day_reset": 1776919129.2425716, "_last_month_reset": 1776919129.2425716, "_month_key": 202604}