{"_spend_today": 999.0, "_spend_this_month": 9999.0, "_last_day_reset": 1776941334.1560936, "_last_month_reset": 1776941334.1560938, "_month_key": 202604}