{"_spend_today": 5.0, "_spend_this_month": 498.0, "_last_day_reset": 1776930895.535655, "_last_month_reset": 1776930895.535655, "_month_key": 202604}