{"_spend_today": 999.0, "_spend_this_month": 9999.0, "_last_day_reset": 1776957416.3379645, "_last_month_reset": 1776957416.3379645, "_month_key": 202604}