{"_spend_today": 7.0, "_spend_this_month": 2.0, "_last_day_reset": 1776927684.7565207, "_last_month_reset": 1776927684.7565382, "_month_key": 202604}