{"_spend_today": 20.0, "_spend_this_month": 300.0, "_last_day_reset": 1776955360.572608, "_last_month_reset": 1776955360.5726082, "_month_key": 202604}