{"_spend_today": 999.0, "_spend_this_month": 9999.0, "_last_day_reset": 1776957614.421448, "_last_month_reset": 1776957614.4214482, "_month_key": 202604}