{"_spend_today": 48.0, "_spend_this_month": 100.0, "_last_day_reset": 1776964681.0889695, "_last_month_reset": 1776964681.0889697, "_month_key": 202604}