{"_spend_today": 48.0, "_spend_this_month": 100.0, "_last_day_reset": 1776947858.3403618, "_last_month_reset": 1776947858.340362, "_month_key": 202604}