{"_spend_today": 7.0, "_spend_this_month": 2.0, "_last_day_reset": 1776938061.1977854, "_last_month_reset": 1776938061.1978157, "_month_key": 202604}