{"_spend_today": 20.0, "_spend_this_month": 300.0, "_last_day_reset": 1776939779.771552, "_last_month_reset": 1776939779.7715523, "_month_key": 202604}