{"_spend_today": 5.0, "_spend_this_month": 305.0, "_last_day_reset": 1776947858.3406627, "_last_month_reset": 1776947858.3406293, "_month_key": 202604, "_tasks_today": 0, "_runtime_minutes_today": 0.0, "_last_reset": 1776947858.3406627}