{"_spend_today": 5.0, "_spend_this_month": 50.0, "_last_day_reset": 1776955413.8743885, "_last_month_reset": 1776955413.8743887, "_month_key": 202604}