{"_spend_today": 5.0, "_spend_this_month": 50.0, "_last_day_reset": 1776947798.7570653, "_last_month_reset": 1776947798.7570655, "_month_key": 202604}