{"_spend_today": 5.0, "_spend_this_month": 498.0, "_last_day_reset": 1776955413.873687, "_last_month_reset": 1776955413.8736873, "_month_key": 202604}