{"_spend_today": 999.0, "_spend_this_month": 9999.0, "_last_day_reset": 1776927684.7566817, "_last_month_reset": 1776927684.756682, "_month_key": 202604}