{"_spend_today": 5.0, "_spend_this_month": 498.0, "_last_day_reset": 1776939822.6046636, "_last_month_reset": 1776939822.6046638, "_month_key": 202604}