{"_spend_today": 20.0, "_spend_this_month": 300.0, "_last_day_reset": 1776957613.5000472, "_last_month_reset": 1776957613.5000474, "_month_key": 202604}