{"_spend_today": 7.0, "_spend_this_month": 2.0, "_last_day_reset": 1776947798.7567015, "_last_month_reset": 1776947798.7567506, "_month_key": 202604, "_last_reset": 1776947798.7567015}