{"_last_day_reset": 1776930895.5358193, "_last_month_reset": 1776930895.535791, "_spend_today": 5.0, "_spend_this_month": 5.0, "_month_key": 202604}