{"_spend_today": 7.0, "_spend_this_month": 2.0, "_last_day_reset": 1776930933.3071084, "_last_month_reset": 1776930933.3071563, "_month_key": 202604}