{"_spend_today": 999.0, "_spend_this_month": 9999.0, "_last_day_reset": 1776947858.7682073, "_last_month_reset": 1776947858.7682076, "_month_key": 202604}