{"_spend_today": 999.0, "_spend_this_month": 9999.0, "_last_day_reset": 1776947799.216366, "_last_month_reset": 1776947799.2163663, "_month_key": 202604}