{"_spend_today": 7.0, "_spend_this_month": 2.0, "_last_day_reset": 1776919129.2422082, "_last_month_reset": 1776919129.2422333, "_month_key": 202604}